Workbook

Sheet 使用说明
B1: 四级词汇 · 7 周复习打卡表
B2: 2026-10-23 开始 · 12-12 考试 · 共 49 个学习日
B4: 怎么用 | C4: 只填黄色格子：正确率、复习✓、错词数。日期已按日程排好，不用改。
B5: 每天必填 | C5: ① 遮中文正确率 ② 遮英文正确率 ③ 复习打 ✓ ④ 错词数
B6: 正确率 | C6: 填 0.82 或 82% 均可。低于 70% 自动变红，说明这批词要重背。
B7: 复习批次 | C7: 最后一列按 1/2/4/7/15 天规则算好，照着复习，不用自己数。
B8: 周测记录 | C8: 每周日填一行，结论自动判定达标与否。不达标按计划第 5 节降速。
B9: 错词本 | C9: 连续答对次数填到 3，状态自动变「已掌握」，之后只复盘没掌握的。
B10: 进度看板 | C10: 自动汇总完成率、平均正确率、倒计时，并给一句节奏建议。
B11: 红线 | C11: 新词可以减量，复习不能跳。状态差就做「40 分钟保底版」。

Sheet 进度看板
A1: 复习进度看板
A2: 距考试还剩 | B2: =DATE(2026,12,12)-TODAY() | C2: 12-12 考试
A3: 已完成天数 | B3: =COUNT('每日打卡'!F2:F50) | C3: 共 49 个学习日
A4: 完成率 | B4: =B3/49 | C4: 按填写正确率的天数计算
A5: 累计新词 | B5: =SUM('每日打卡'!D2:D50) | C5: 计划合计约 1800 词次
A6: 词汇目标 | B6: 1600 | C6: 去重后的核心词条数
A7: 目标完成率 | B7: =IFERROR(B5/B6,0) | C7: 累计新词 / 1600
A8: 平均遮中文 | B8: =IFERROR(AVERAGE('每日打卡'!F2:F50),0) | C8: 低于 75% 说明背得太快
A9: 平均遮英文 | B9: =IFERROR(AVERAGE('每日打卡'!G2:G50),0) | C9: 低于 60% 说明拼写不牢
A10: 累计错词 | B10: =SUM('每日打卡'!I2:I50) | C10: 错词本应同步录入
A11: 周测达标次数 | B11: =COUNTIF('周测记录'!G2:G8,"达标") | C11: 共 7 次
A12: 错词本已掌握 | B12: =COUNTIF('错词本'!G2:G121,"已掌握") | C12: 连续答对 3 次自动计入
A13: 错词本待攻克 | B13: =COUNTIF('错词本'!G2:G121,"新错词") | C13: 考前最后要看的东西
A14: 模考一 | C14: 11-27 阅读 + 听力
A15: 模考二 | C15: 12-05 全套含写作
A16: 模考三 | C16: 12-10 全真计时
A18: 节奏建议 | B18: =IF(B2<=0,"考试已结束",IF(B3=0,"还没开始，从 D1 的 52 个词起步",IF(B4<0.3,"进度偏慢：先保复习，新词减到 35/天",IF(B8<0.75,"正确率偏低：新词降到 40，复习加 15 分钟",IF(B13>60,"错词积压：停一天新课，全天清错词本","节奏正常，按表推进")))))

Sheet 每日打卡
A1: 天 | B1: 周次 | C1: 计划内容 | D1: 新词数 | E1: 日期 | F1: 遮中文% | G1: 遮英文% | H1: 复习✓ | I1: 错词数 | J1: 当日重点 | K1: 完成度 | L1: 复习批次
A2: D1 | B2: 1 | C2: 第13章 饮食、消费与生活 | D2: 52 | E2: 46318 | J2: 从最熟的场景起步 | K2: =IF(COUNTA(F2:J2)=0,"",COUNTA(F2:J2)/5) | L2: —
A3: D2 | B3: 1 | C3: 第1章 校园与学习（前56） | D3: 56 | E3: 46319 | J3: 建立“我能背下来”的感觉 | K3: =IF(COUNTA(F3:J3)=0,"",COUNTA(F3:J3)/5) | L3: D1
A4: D3 | B4: 1 | C4: 第1章 校园与学习（后56） | D4: 56 | E4: 46320 | J4: 串起四个小节的记忆链 | K4: =IF(COUNTA(F4:J4)=0,"",COUNTA(F4:J4)/5) | L4: D1、D2
A5: D4 | B5: 1 | C5: 第2章 工作与职业 | D5: 68 | E5: 46321 | J5: salary/wage/fee/fare 四个“费” | K5: =IF(COUNTA(F5:J5)=0,"",COUNTA(F5:J5)/5) | L5: D2、D3
A6: D5 | B6: 1 | C6: 第10章 交通、城市与住房 | D6: 67 | E6: 46322 | J6: 听力租房场景词优先 | K6: =IF(COUNTA(F6:J6)=0,"",COUNTA(F6:J6)/5) | L6: D1、D3、D4
A7: D6 | B7: 1 | C7: 第5章 环境与自然 | D7: 63 | E7: 46323 | J7: 环保四段式词块 | K7: =IF(COUNTA(F7:J7)=0,"",COUNTA(F7:J7)/5) | L7: D2、D4、D5
A8: D7 | B8: 1 | C8: 周测（第1周）+ 补漏 | D8: 0 | E8: 46324 | J8: 抽60词，70%为线 | K8: =IF(COUNTA(F8:J8)=0,"",COUNTA(F8:J8)/5) | L8: D3、D5、D6
A9: D8 | B9: 2 | C9: 第6章 健康与医疗 | D9: 70 | E9: 46325 | J9: cure/treat/heal 分清 | K9: =IF(COUNTA(F9:J9)=0,"",COUNTA(F9:J9)/5) | L9: D1、D4、D6、D7
A10: D9 | B10: 2 | C10: 第9章 人际与沟通 | D10: 76 | E10: 46326 | J10: ignore/neglect 态度词 | K10: =IF(COUNTA(F10:J10)=0,"",COUNTA(F10:J10)/5) | L10: D2、D5、D7、D8
A11: D10 | B11: 2 | C11: 第3章 经济与商业 | D11: 88 | E11: 46327 | J11: economic/economical 敏感度 | K11: =IF(COUNTA(F11:J11)=0,"",COUNTA(F11:J11)/5) | L11: D3、D6、D8、D9
A12: D11 | B12: 2 | C12: 第4章 科技、网络与科学 | D12: 85 | E12: 46328 | J12: 顺手记评价形容词 | K12: =IF(COUNTA(F12:J12)=0,"",COUNTA(F12:J12)/5) | L12: D4、D7、D9、D10
A13: D12 | B13: 2 | C13: 第8章 心理与情绪（前45） | D13: 45 | E13: 46329 | J13: -ed 说人、-ing 说物 | K13: =IF(COUNTA(F13:J13)=0,"",COUNTA(F13:J13)/5) | L13: D5、D8、D10、D11
... A50: D49 | B50: 7 | C50: 模考三（全真计时） | D50: 0 | E50: 46366 | J50: 严格按考试流程 | K50: =IF(COUNTA(F50:J50)=0,"",COUNTA(F50:J50)/5) | L50: D34、D42、D45、D47、D48

Sheet 周测记录
A1: 周次 | B1: 抽测词数 | C1: 遮中文% | D1: 遮英文% | E1: 中文门槛 | F1: 英文门槛 | G1: 结论 | H1: 本周调整
A2: 第1周 | E2: 0.7 | F2: 0.5 | G2: =IF(C2="","",IF(AND(C2>=E2,IF(F2="",TRUE,D2>=F2)),"达标","未达标"))
A3: 第2周 | E3: 0.75 | F3: 0.55 | G3: =IF(C3="","",IF(AND(C3>=E3,IF(F3="",TRUE,D3>=F3)),"达标","未达标"))
A4: 第3周 | E4: 0.8 | F4: 0.6 | G4: =IF(C4="","",IF(AND(C4>=E4,IF(F4="",TRUE,D4>=F4)),"达标","未达标"))
A5: 第4周 | E5: 0.85 | F5: 0.65 | G5: =IF(C5="","",IF(AND(C5>=E5,IF(F5="",TRUE,D5>=F5)),"达标","未达标"))
A6: 第5周 | E6: 0.65 | F6: 0.6 | G6: =IF(C6="","",IF(AND(C6>=E6,IF(F6="",TRUE,D6>=F6)),"达标","未达标"))
A7: 第6周 | E7: 0.8 | F7: 0.7 | G7: =IF(C7="","",IF(AND(C7>=E7,IF(F7="",TRUE,D7>=F7)),"达标","未达标"))
A8: 第7周 | G8: =IF(C8="","",IF(AND(C8>=E8,IF(F8="",TRUE,D8>=F8)),"达标","未达标"))

Sheet 错词本
A1: 序号 | B1: 词 | C1: 我记错的意思 | D1: 正确义项 | E1: 一个搭配 | F1: 连续答对次数 | G1: 状态
A2: 1 | G2: =IF(B2="","",IF(F2>=3,"已掌握",IF(F2>=1,"进行中","新错词")))
A3: 2 | G3: =IF(B3="","",IF(F3>=3,"已掌握",IF(F3>=1,"进行中","新错词")))
A4: 3 | G4: =IF(B4="","",IF(F4>=3,"已掌握",IF(F4>=1,"进行中","新错词")))
A5: 4 | G5: =IF(B5="","",IF(F5>=3,"已掌握",IF(F5>=1,"进行中","新错词")))
A6: 5 | G6: =IF(B6="","",IF(F6>=3,"已掌握",IF(F6>=1,"进行中","新错词")))
A7: 6 | G7: =IF(B7="","",IF(F7>=3,"已掌握",IF(F7>=1,"进行中","新错词")))
A8: 7 | G8: =IF(B8="","",IF(F8>=3,"已掌握",IF(F8>=1,"进行中","新错词")))
A9: 8 | G9: =IF(B9="","",IF(F9>=3,"已掌握",IF(F9>=1,"进行中","新错词")))
A10: 9 | G10: =IF(B10="","",IF(F10>=3,"已掌握",IF(F10>=1,"进行中","新错词")))
A11: 10 | G11: =IF(B11="","",IF(F11>=3,"已掌握",IF(F11>=1,"进行中","新错词")))
A12: 11 | G12: =IF(B12="","",IF(F12>=3,"已掌握",IF(F12>=1,"进行中","新错词")))
A13: 12 | G13: =IF(B13="","",IF(F13>=3,"已掌握",IF(F13>=1,"进行中","新错词")))
... A121: 120 | G121: =IF(B121="","",IF(F121>=3,"已掌握",IF(F121>=1,"进行中","新错词")))

Sheet 七周地图
A1: 周次 | B1: 日期 | C1: 主线 | D1: 手册章节 | E1: 词量 | F1: 周末动作
A2: 第1周 | B2: 10-23 — 10-29 | C2: 建画面（轻松场景） | D2: 13、1、2、10、5 | E2: 362 | F2: 周测 + 补漏
A3: 第2周 | B3: 10-30 — 11-05 | C3: 建画面（抽象场景） | D3: 6、9、3、4、8 | E3: 404 | F3: 周测 + 补漏
A4: 第3周 | B4: 11-06 — 11-12 | C4: 建画面（社会类） | D4: 7、11、12、16、14 | E4: 424 | F4: 周测 + 补漏
A5: 第4周 | B5: 11-13 — 11-19 | C5: 缓冲：动词 + 总测 + 词根启动 | D5: 15、17 | E5: 181 | F5: 第一轮总测
A6: 第5周 | B6: 11-20 — 11-26 | C6: 词根收尾 + 排雷开始 | D6: 17、18、19 | E6: 208 | F6: 词根反查
A7: 第6周 | B7: 11-27 — 12-03 | C7: 排雷 + 词组成块 | D7: 19、20、21 | E7: 223 | F7: 模考一
A8: 第7周 | B8: 12-04 — 12-10 | C8: 写作输出 + 真题 + 冲刺 | D8: 附录 A、错词本 | E8: 0 | F8: 模考二、模考三
